y_val, y_val_pred
L,L
N,N
N,N
N,N
N,N
L,A
L,L
N,N
N,N
L,L
N,L
N,N
N,N
N,N
L,L
N,N
L,L
N,N
N,N
N,N
L,L
N,N
N,N
N,N
L,L
N,N
N,N
N,N
N,N
N,N
L,L
N,N
N,N
N,N
L,N
N,N
N,N
N,N
N,N
N,L
N,N
L,L
N,N
N,N
N,N
L,L
L,L
L,L
N,N
N,N
N,N
N,N
L,N
N,N
L,L
N,N
N,N
N,L
N,N
N,N
N,N
N,N
N,N
L,L
N,N
N,N
A,N
N,N
N,N
N,N
N,N
N,N
N,N
N,N
N,N
N,N
N,N
L,L
N,N
N,N
L,L
L,L
A,L
N,N
N,N
N,N
N,N
N,N
N,N
N,N
N,N
N,N
L,L
N,N
L,L
L,N
N,N
N,N
N,N
N,N
L,L
N,N
L,L
N,N
N,N
N,N
N,N
N,N
L,L
N,N
N,N
N,N
N,N
N,N
L,N
N,N
N,N
L,L
N,N
N,N
N,N
N,N
N,N
N,N
N,N
L,L
L,L
N,N
N,N
N,N
N,N
N,N
N,N
N,N
N,N
N,N
N,N
N,N
L,L
N,N
N,N
N,N
N,N
L,L
N,N
N,N
N,N
L,L
N,N
N,N
L,L
N,N
N,N
N,N
N,N
N,N
L,L
N,N
N,N
N,N
L,L
N,N
L,L
N,N
N,N
N,N
N,N
L,L
N,N
N,N
N,N
N,N
N,N
L,L
N,N
N,N
N,N
L,N
N,N
N,N
N,L
L,L
N,N
L,L
N,N
N,N
N,N
N,N
L,L
N,N
N,N
N,N
L,L
N,N
N,N
N,N
N,N
N,N
N,N
N,N
N,N
N,N
N,N
N,N
N,N
L,L
L,L
N,N
N,N
N,N
N,N
L,L
N,N
N,N
N,N
N,N
N,N
L,L
L,L
N,N
N,N
N,N
N,N
N,N
L,L
N,N
N,N
N,N
N,N
N,N
L,L
A,L
N,N
L,L
N,N
N,N
L,L
L,L
L,N
L,N
N,N
N,N
L,L
L,L
L,L
N,N
N,N
N,N
N,N
L,L
N,N
N,N
N,N
N,N
L,N
N,N
L,L
N,N
N,N
L,L
N,N
L,L
N,N
N,N
N,N
N,N
N,N
L,N
N,N
N,N
N,N
L,L
N,N
N,N
N,N
N,N
N,N
N,N
N,N
N,N
N,N
N,N
N,N
N,N
N,N
N,N
N,N
N,N
N,N
L,L
N,N
N,N
N,N
N,N
N,N
L,L
N,N
L,L
N,N
N,N
N,N
N,N
N,N
N,N
N,N
N,N
N,N
A,L
L,N
N,N
N,N
N,N
L,L
L,N
N,N
N,N
N,N
N,N
N,N
N,N
N,N
N,N
L,L
N,N
N,N
N,N
L,L
N,N
N,N
N,N
N,N
N,N
N,N
N,N
L,L
L,N
L,N
L,L
N,N
N,N
L,L
N,N
N,N
N,N
N,L
N,N
L,L
L,L
N,N
N,N
N,N
N,N
N,N
N,N
N,N
N,N
N,N
N,N
L,L
N,N
L,L
N,N
N,N
N,N
N,N
N,N
N,N
N,N
N,N
N,N
L,L
L,L
N,N
N,N
L,L
N,N
L,L
N,N
L,L
L,N
N,N
L,L
L,L
N,N
N,N
N,N
N,N
N,N
N,N
N,N
N,N
N,N
L,L
N,N
N,N
L,N
L,N
N,N
L,N
N,N
N,N
L,L
L,L
N,L
N,N
N,N
N,N
L,L
N,N
N,L
N,N
L,L
N,N
N,N
N,N
N,N
N,N
L,L
L,L
N,N
N,N
L,L
L,L
N,N
N,N
N,N
N,N
N,N
N,N
N,N
N,N
N,N
L,N
N,N
N,N
N,N
N,N
N,N
N,N
A,A
N,N
N,N
N,N
N,N
N,N
N,N
N,N
L,L
N,N
N,N
N,N
N,N
L,L
N,N
N,N
N,N
N,N
N,N
N,N
L,L
N,N
L,N
L,L
N,N
L,L
N,N
N,N
N,N
N,N
N,N
N,N
N,N
N,L
N,N
N,N
N,N
N,N
L,L
N,N
N,N
N,N
N,N
N,N
L,L
L,L
L,L
N,N
N,N
N,N
N,N
N,N
N,L
N,N
N,N
N,N
L,L
N,N
L,L
N,N
N,N
L,L
N,N
N,N
N,N
N,N
N,N
N,N
L,L
N,N
N,N
N,N
N,N
N,N
N,N
N,N
N,L
N,N
N,N
N,N
A,L
N,N
L,L
N,N
N,N
N,N
N,N
N,N
L,L
N,N
N,N
N,N
N,N
L,L
L,L
N,N
L,L
N,N
N,N
L,L
L,L
L,L
L,L
N,N
N,N
N,N
N,N
N,N
N,N
N,N
N,N
N,N
N,N
N,N
N,N
N,N
N,L
N,N
N,N
N,N
N,N
L,L
L,L
N,N
N,N
N,N
N,N
N,N
N,N
L,L
N,N
N,N
N,N
N,N
L,L
N,N
N,N
N,N
N,N
L,L
N,N
N,N
N,N
N,N
N,N
N,N
N,N
N,N
N,N
N,N
N,N
L,L
N,N
N,N
L,L
N,N
N,N
N,N
L,L
L,N
N,N
N,N
L,L
N,N
N,N
N,N
N,N
N,N
N,N
N,N
N,N
N,N
N,N
N,N
N,N
N,N
N,N
N,N
L,L
N,N
L,N
N,N
L,L
N,N
L,L
N,N
N,N
N,N
N,N
L,N
N,N
N,N
N,N
N,N
N,N
L,L
L,L
L,L
N,N
N,N
N,N
N,L
L,L
N,N
N,N
N,N
N,N
N,N
N,N
N,N
A,A
N,N
L,N
N,N
L,L
L,N
N,N
N,N
L,L
N,N
N,N
N,N
N,N
N,N
L,L
N,N
N,N
N,N
N,N
N,N
N,N
N,N
N,N
L,L
N,L
N,N
L,L
N,N
N,N
N,N
N,N
L,L
N,N
N,N
N,N
N,N
N,N
N,N
N,N
N,N
N,N
N,N
N,N
N,N
N,N
N,N
N,N
N,N
N,L
N,N
N,N
L,N
N,N
N,N
N,N
N,N
N,N
N,N
N,N
N,N
N,N
N,N
N,N
L,L
N,N
N,N
N,N
N,N
L,L
N,N
N,N
N,N
N,N
N,N
N,N
N,N
N,N
N,N
L,L
N,N
N,N
L,L
N,N
N,N
N,N
L,L
N,N
N,N
L,L
N,L
L,N
N,N
N,N
N,N
L,L
N,N
N,N
N,N
N,N
N,N
N,N
N,N
N,N
L,L
N,N
N,N
L,L
N,L
N,N
N,N
N,N
N,N
N,L
N,N
N,N
N,N
N,N
L,N
N,N
N,N
N,N
N,N
N,N
N,N
N,N
N,N
N,N
N,N
N,N
N,N
N,N
N,N
N,N
N,N
N,N
N,N
N,N
L,L
N,N
N,N
N,N
L,L
N,N
N,N
N,N
N,N
N,N
N,N
N,N
N,N
N,N
N,N
N,N
N,N
N,N
N,N
N,N
N,N
N,N
L,L
L,L
L,L
L,L
N,N
N,N
N,N
L,L
N,N
N,N
N,N
L,L
N,N
L,L
N,N
N,N
N,N
N,N
N,N
A,L
N,N
N,N
L,N
N,L
N,N
N,N
L,L
N,N
N,N
N,N
N,N
N,N
L,L
N,N
N,N
N,N
N,N
L,N
L,L
N,N
N,N
N,N
N,N
N,N
N,N
L,L
N,N
L,L
N,N
N,N
N,N
N,N
N,N
L,N
N,N
N,N
A,L
N,N
N,N
N,N
L,L
L,N
N,N
N,N
L,L
N,N
N,N
N,N
N,N
N,N
N,N
N,N
N,N
N,N
N,N
L,L
N,N
N,N
N,N
L,L
N,N
N,N
N,N
N,N
L,L
L,L
N,N
N,N
N,N
N,N
L,L
N,N
N,N
N,N
N,N
N,N
N,N
N,N
L,L
N,N
N,N
N,N
N,N
N,N
L,L
A,A
N,N
L,N
N,N
N,N
N,N
N,N
N,N
N,N
N,N
L,L
A,A
N,N
N,N
N,N
N,N
N,N
N,N
N,L
N,N
N,N
N,N
N,N
N,N
N,N
N,N
N,N
N,N
L,L
N,N
L,L
L,L
N,N
N,N
N,N
N,N
N,N
N,N
N,N
N,N
N,N
N,N
N,N
N,N
N,N
N,N
N,N
L,N
N,N
N,N
N,N
L,N
N,N
N,N
N,N
N,N
L,L
N,N
N,N
N,N
N,N
N,N
L,L
N,N
L,L
N,N
N,N
N,N
N,N
N,N
N,N
N,N
N,N
N,N
L,L
N,N
L,L
N,N
N,N
N,N
L,L
A,L
N,N
N,N
N,N
N,N
N,N
N,N
N,N
N,N
N,N
N,N
N,N
N,N
L,N
N,N
N,N
N,N
N,N
L,N
N,N
N,N
N,N
L,N
L,L
N,N
L,L
N,N
N,N
N,N
N,N
A,L
L,L
L,L
N,N
N,N
L,L
N,N
N,N
N,N
N,N
L,N
N,N
N,N
N,N
L,L
L,L
N,N
N,N
N,N
N,L
N,N
N,N
N,N
L,L
L,L
L,L
N,N
N,N
N,N
N,N
N,N
L,L
N,N
N,N
N,N
N,N
N,N
L,N
N,N
N,N
N,N
N,N
N,N
N,N
N,N
L,L
N,N
N,N
N,N
N,N
L,L
N,N
N,N
N,N
N,N
N,N
N,L
N,N
N,N
N,N
N,N
N,N
L,L
N,N
L,L
L,L
N,N
N,N
A,N
N,N
N,N
N,N
N,N
N,N
L,L
N,N
L,L
L,L
L,N
N,N
N,N
N,N
N,N
L,L
N,N
A,N
N,N
N,N
N,N
N,N
N,N
N,N
L,L
N,N
N,N
L,L
N,N
N,N
N,N
N,N
N,N
N,L
L,N
L,L
N,N
L,L
N,N
N,N
L,L
N,N
N,N
L,N
N,N
N,N
N,N
N,N
N,N
N,N
N,N
N,N
N,N
N,N
L,L
N,N
N,N
N,N
N,N
A,N
N,N
N,N
L,L
N,N
N,N
N,N
N,N
N,N
N,N
N,N
N,N
L,L
N,N
N,N
N,N
L,L
N,N
N,N
N,N
N,N
N,N
N,N
L,L
N,N
N,N
L,L
N,N
N,N
N,N
N,N
L,L
N,N
N,N
N,N
N,N
N,N
N,N
N,N
N,N
N,N
N,N
L,L
N,N
N,L
N,N
N,N
L,N
N,N
N,N
N,N
N,N
L,L
N,N
N,N
N,N
N,N
N,N
N,N
N,N
N,N
N,N
N,N
A,N
N,N
N,N
N,N
N,N
L,L
N,N
N,N
N,N
L,L
N,N
L,L
N,N
N,N
N,N
N,N
N,N
N,N
N,N
N,N
N,N
L,L
N,N
N,N
N,N
L,L
N,N
N,N
N,N
N,N
A,N
L,L
L,L
N,N
N,N
N,N
N,N
N,N
N,N
N,L
N,N
N,N
N,N
L,L
N,N
N,N
N,N
N,L
N,N
N,N
N,N
N,N
N,N
N,N
L,L
N,N
L,N
N,N
N,N
L,L
N,N
N,N
L,L
N,N
A,N
L,L
L,L
N,N
N,N
N,N
N,N
N,N
N,N
L,L
N,N
L,L
N,N
L,N
L,L
L,L
L,L
N,N
N,N
L,L
N,N
L,N
N,N
N,N
N,N
L,L
N,N
N,N
L,L
N,N
N,N
L,L
L,L
N,N
N,N
L,L
N,N
N,N
N,N
L,L
N,N
N,N
N,N
N,N
N,N
N,N
L,N
L,L
N,N
N,N
L,L
N,L
N,N
N,N
N,N
N,N
N,N
L,L
L,L
L,L
N,N
L,L
N,N
A,A
L,L
L,L
N,N
N,N
N,N
N,N
N,N
N,N
N,N
N,N
N,N
L,L
N,N
L,L
N,N
N,N
N,N
L,L
N,N
N,N
N,N
L,L
L,L
N,N
L,N
N,N
N,N
N,N
N,N
N,N
N,N
N,N
N,N
L,L
N,N
N,N
N,N
L,L
N,N
N,N
N,N
L,L
N,N
L,L
L,L
N,N
N,N
N,N
N,N
L,L
N,N
N,N
N,N
N,L
N,N
N,N
N,N
N,N
N,N
N,N
N,N
N,N
N,N
N,N
N,N
N,N
L,N
N,N
N,N
N,N
N,N
L,L
N,N
N,N
N,N
L,L
L,N
N,N
N,N
L,L
L,L
N,N
N,N
N,N
N,N
N,N
N,N
N,N
N,N
N,N
N,N
L,L
N,N
N,N
N,N
L,L
L,L
N,N
N,N
N,N
N,N
N,N
N,N
N,N
L,L
N,N
L,L
N,N
N,N
L,L
L,L
L,L
N,N
L,N
N,N
L,L
N,N
N,N
N,N
N,N
N,N
N,N
N,N
N,N
N,N
N,N
N,N
N,N
N,N
L,L
N,N
N,N
L,L
L,N
N,N
N,N
N,N
N,N
L,L
N,N
L,N
L,N
N,N
N,N
N,N
N,N
N,N
N,N
N,N
L,L
N,N
N,L
N,N
N,N
L,L
N,L
N,N
N,N
L,L
N,N
N,N
N,N
L,L
N,N
N,L
N,N
L,L
N,N
N,L
L,N
L,L
L,L
N,L
N,N
N,N
N,L
L,L
N,N
L,L
L,L
L,N
L,L
N,N
N,L
N,N
N,N
N,N
L,L
L,L
N,N
N,N
N,N
N,N
L,L
N,N
N,L
N,N
N,N
N,N
L,L
N,N
N,N
N,N
N,N
N,N
N,L
N,N
N,N
N,N
N,N
N,N
N,N
N,N
L,L
L,N
N,N
N,N
N,N
N,L
N,N
L,L
L,L
N,N
N,N
N,N
N,N
N,N
L,L
N,N
N,N
L,L
N,N
N,N
N,N
L,L
N,N
N,N
N,N
N,N
N,N
N,N
L,L
N,N
N,N
N,N
N,N
N,N
N,N
N,N
N,N
L,L
N,N
L,L
N,N
N,N
N,N
N,N
N,N
L,L
N,N
N,N
N,N
N,N
N,N
N,N
L,L
N,N
L,L
N,N
N,N
L,L
A,N
N,N
N,N
N,N
N,L
N,N
N,N
N,N
N,N
L,N
N,N
N,N
L,L
N,N
L,L
N,N
N,N
L,L
L,L
N,N
N,N
N,N
N,N
N,N
N,N
L,L
N,N
N,N
N,N
N,N
N,N
N,N
N,N
N,N
N,N
N,N
L,L
N,N
N,N
N,N
N,N
N,N
L,L
N,N
N,N
N,N
N,N
N,N
N,N
N,N
N,N
N,L
N,N
N,N
N,N
L,N
N,N
N,N
N,N
N,N
L,L
L,L
N,N
N,N
N,N
N,N
L,L
L,L
N,N
N,N
N,N
N,N
N,N
N,N
N,N
N,N
N,N
N,N
N,N
N,N
N,N
N,N
N,N
L,L
N,N
N,N
N,N
L,L
N,N
N,N
N,L
N,N
N,N
L,L
N,N
N,N
N,N
L,L
N,N
L,N
N,N
N,N
N,N
N,N
N,N
N,N
N,N
N,N
N,L
N,N
N,N
L,L
N,N
N,N
N,N
N,N
N,N
N,N
N,N
N,N
N,N
N,N
N,N
N,N
N,N
N,N
N,N
L,L
N,N
N,N
L,L
N,N
N,N
N,N
N,N
N,N
N,N
N,N
N,N
N,N
N,N
L,N
N,N
N,N
N,N
N,N
N,N
N,N
N,N
N,N
N,N
N,N
N,N
N,N
L,N
N,N
L,L
N,N
N,N
N,N
N,N
L,L
L,N
N,N
N,N
L,L
N,N
N,N
N,N
N,N
N,N
L,A
L,L
N,N
N,N
N,N
N,N
N,N
N,N
N,N
N,N
L,L
N,N
N,N
N,N
L,N
N,N
N,N
N,N
N,N
N,N
N,N
N,N
A,N
L,L
N,N
N,N
N,N
N,N
N,N
N,N
N,N
N,N
N,N
N,N
N,N
N,N
N,N
N,N
N,N
N,N
N,N
N,N
L,L
N,N
N,N
N,N
L,L
N,N
L,L
N,N
N,N
L,N
N,N
N,N
N,N
N,N
N,N
N,N
L,L
N,N
N,N
N,N
N,N
N,N
N,N
L,L
N,N
L,L
N,N
N,N
N,N
N,N
N,N
N,N
N,N
N,N
N,N
N,N
L,L
N,N
N,N
N,N
N,N
N,N
N,N
N,N
L,L
L,N
N,N
N,N
L,L
N,N
N,N
N,N
N,N
N,N
L,L
N,N
N,N
N,N
L,L
N,N
N,N
N,N
N,N
N,N
N,N
N,N
N,N
N,N
N,N
N,N
N,N
N,N
N,N
N,N
L,L
N,N
N,N
N,N
N,N
N,N
N,N
N,N
N,N
N,N
N,N
N,N
L,L
L,L
L,L
N,N
N,N
N,N
N,N
N,N
N,N
N,N
N,N
N,N
N,N
N,N
N,N
N,N
N,N
L,L
N,N
N,N
N,N
N,N
N,N
N,N
L,L
N,N
N,N
N,N
A,L
L,N
N,N
L,L
N,N
N,N
L,L
N,N
N,N
N,N
N,N
L,L
N,N
N,N
N,N
N,N
N,N
N,N
N,N
N,N
N,N
N,N
N,N
N,N
N,N
N,N
N,N
L,L
N,N
N,N
L,L
N,N
N,N
N,N
N,N
L,L
N,N
N,N
N,N
N,N
L,L
L,N
N,N
L,L
N,N
N,N
N,N
N,N
N,N
L,L
N,N
N,N
N,N
N,N
N,N
N,N
N,N
N,N
N,N
